/*Insert into doctor*/
insert into DOCTOR (doc_id, doc_name, speciality) values (101, 'Dun', 'Psychologist');
insert into DOCTOR (doc_id, doc_name, speciality) values (102, 'Serene', 'Psychiatrist');
insert into DOCTOR (doc_id, doc_name, speciality) values (103, 'Lexy', 'Psychiatrist');
insert into DOCTOR (doc_id, doc_name, speciality) values (104, 'Serene', 'Psychiatrist');
insert into DOCTOR (doc_id, doc_name, speciality) values (105, 'Kyla', 'Psychiatrist');
insert into DOCTOR (doc_id, doc_name, speciality) values (106, 'Coraline', 'Physician');
insert into DOCTOR (doc_id, doc_name, speciality) values (107, 'Lucille', 'Psychologist');
insert into DOCTOR (doc_id, doc_name, speciality) values (108, 'Margarethe', 'Physician');
insert into DOCTOR (doc_id, doc_name, speciality) values (109, 'Krystal', 'Physician');
insert into DOCTOR (doc_id, doc_name, speciality) values (110, 'Emmye', 'Psychiatrist');

/*insert into patient*/
insert into PATIENT (patient_id, p_fname, p_mname, p_lname, gender, p_address, number, dob, age) values (1, 'Veronica', 'Welby', 'Siebart', 'F', '8 Waxwing Lane', '31-(700)612-8677', '1963-08-12', 54);
insert into PATIENT (patient_id, p_fname, p_mname, p_lname, gender, p_address, number, dob, age) values (2, 'Kevan', 'Thornton', 'Opfer', 'M', '23 Sherman Plaza', '62-(402)655-1656', '1995-05-25', 22);
insert into PATIENT (patient_id, p_fname, p_mname, p_lname, gender, p_address, number, dob, age) values (3, 'Jordan', 'Raimund', 'Whelan', 'F', '5 Vernon Parkway', '7-(757)377-2182', '1980-09-08', 37);
insert into PATIENT (patient_id, p_fname, p_mname, p_lname, gender, p_address, number, dob, age) values (4, 'Tripp', 'Holt', 'Moloney', 'M', '18528 Parkside Point', '55-(524)529-4815', '1971-09-27', 46);
insert into PATIENT (patient_id, p_fname, p_mname, p_lname, gender, p_address, number, dob, age) values (5, 'Gardiner', 'Galvin', 'Ramsby', 'M', '264 Eliot Way', '81-(586)611-8323', '1957-10-23', 60);
insert into PATIENT (patient_id, p_fname, p_mname, p_lname, gender, p_address, number, dob, age) values (6, 'Rubie', 'Christiano', 'Guerrin', 'F', '45 Surrey Crossing', '81-(545)521-6300', '1957-01-08', 61);
insert into PATIENT (patient_id, p_fname, p_mname, p_lname, gender, p_address, number, dob, age) values (7, 'Abbot', 'Nelson', 'Coase', 'M', '7836 Hansons Junction', '420-(920)892-6952', '1999-08-13', 18);
insert into PATIENT (patient_id, p_fname, p_mname, p_lname, gender, p_address, number, dob, age) values (8, 'Abram', 'Eal', 'Bault', 'M', '5719 Hanover Alley', '52-(935)538-4223', '1984-06-25', 33);
insert into PATIENT (patient_id, p_fname, p_mname, p_lname, gender, p_address, number, dob, age) values (9, 'Alexia', 'Callean', 'Antonacci', 'F', '280 Chinook Crossing', '62-(398)625-5224', '1971-03-27', 46);
insert into PATIENT (patient_id, p_fname, p_mname, p_lname, gender, p_address, number, dob, age) values (10, 'Carine', 'Mendie', 'Wincom', 'F', '5 Anzinger Center', '86-(833)945-7759', '1982-10-20', 35);
insert into PATIENT (patient_id, p_fname, p_mname, p_lname, gender, p_address, number, dob, age) values (11, 'Alisha', 'Conant', 'Chartman', 'F', '8 Beilfuss Trail', '963-(285)214-2354', '2003-07-02', 14);
insert into PATIENT (patient_id, p_fname, p_mname, p_lname, gender, p_address, number, dob, age) values (12, 'Jacenta', 'Guilbert', 'Haslegrave', 'F', '38 Annamark Circle', '86-(614)281-9593', '2012-04-05', 5);
insert into PATIENT (patient_id, p_fname, p_mname, p_lname, gender, p_address, number, dob, age) values (13, 'Herc', 'Osgood', 'Glasson', 'M', '2 Westridge Point', '49-(444)519-4647', '1957-09-28', 60);
insert into PATIENT (patient_id, p_fname, p_mname, p_lname, gender, p_address, number, dob, age) values (14, 'Cliff', 'Goddart', 'Whitechurch', 'M', '89 Monument Avenue', '381-(330)716-5916', '2003-07-28', 14);
insert into PATIENT (patient_id, p_fname, p_mname, p_lname, gender, p_address, number, dob, age) values (15, 'Jillian', 'Max', 'Hargie', 'F', '7291 Loftsgordon Trail', '86-(769)669-4113', '1967-05-02', 50);
insert into PATIENT (patient_id, p_fname, p_mname, p_lname, gender, p_address, number, dob, age) values (16, 'Consuela', 'Gav', 'Ericssen', 'F', '8 American Junction', '86-(547)639-4492', '1982-09-03', 35);
insert into PATIENT (patient_id, p_fname, p_mname, p_lname, gender, p_address, number, dob, age) values (17, 'Tomasine', 'Karney', 'Ferrer', 'F', '3 Jana Terrace', '1-(812)346-7290', '2016-08-16', 1);
insert into PATIENT (patient_id, p_fname, p_mname, p_lname, gender, p_address, number, dob, age) values (18, 'Claudianus', 'Eadmund', 'Backes', 'M', '05406 Anzinger Center', '976-(849)436-9358', '1953-10-30', 64);
insert into PATIENT (patient_id, p_fname, p_mname, p_lname, gender, p_address, number, dob, age) values (19, 'Brittan', 'Kurt', 'Matuszak', 'F', '55 Dwight Park', '1-(198)471-7937', '1959-03-26', 58);
insert into PATIENT (patient_id, p_fname, p_mname, p_lname, gender, p_address, number, dob, age) values (20, 'Aylmar', 'Donovan', 'Rangall', 'M', '2 Redwing Road', '86-(385)445-6205', '1973-10-30', 44);
insert into PATIENT (patient_id, p_fname, p_mname, p_lname, gender, p_address, number, dob, age) values (21, 'Butch', 'Mikey', 'Sherrock', 'M', '650 Harper Avenue', '33-(269)571-5768', '1962-05-29', 55);
insert into PATIENT (patient_id, p_fname, p_mname, p_lname, gender, p_address, number, dob, age) values (22, 'Nowell', 'Raul', 'McAtamney', 'M', '1 Raven Circle', '381-(602)764-7629', '1989-09-29', 28);
insert into PATIENT (patient_id, p_fname, p_mname, p_lname, gender, p_address, number, dob, age) values (23, 'Lynnette', 'Lovell', 'Fleis', 'F', '54 Sommers Plaza', '84-(454)402-7193', '1987-10-30', 30);
insert into PATIENT (patient_id, p_fname, p_mname, p_lname, gender, p_address, number, dob, age) values (24, 'Cecile', 'Pinchas', 'Brumham', 'F', '36411 South Park', '212-(856)735-3773', '2014-04-26', 3);
insert into PATIENT (patient_id, p_fname, p_mname, p_lname, gender, p_address, number, dob, age) values (25, 'Rube', 'Reinhold', 'Philipsen', 'M', '82 Rowland Street', '234-(687)775-0564', '1998-03-18', 19);
insert into PATIENT (patient_id, p_fname, p_mname, p_lname, gender, p_address, number, dob, age) values (26, 'Em', 'Jacobo', 'Clive', 'M', '8411 Everett Crossing', '27-(197)374-7555', '1956-11-20', 61);
insert into PATIENT (patient_id, p_fname, p_mname, p_lname, gender, p_address, number, dob, age) values (27, 'Dan', 'Amby', 'Pullen', 'M', '2 Carpenter Court', '504-(937)978-9811', '2013-11-18', 4);
insert into PATIENT (patient_id, p_fname, p_mname, p_lname, gender, p_address, number, dob, age) values (28, 'Rodrique', 'Carey', 'Dallemore', 'M', '01608 Sauthoff Point', '86-(200)846-6275', '1964-01-27', 54);
insert into PATIENT (patient_id, p_fname, p_mname, p_lname, gender, p_address, number, dob, age) values (29, 'Francois', 'Constantin', 'Wiffill', 'M', '64496 Walton Drive', '48-(503)279-3436', '1982-09-17', 35);
insert into PATIENT (patient_id, p_fname, p_mname, p_lname, gender, p_address, number, dob, age) values (30, 'Bryna', 'Dore', 'Barrus', 'F', '854 Schiller Place', '7-(728)251-5789', '1956-10-31', 61);
insert into PATIENT (patient_id, p_fname, p_mname, p_lname, gender, p_address, number, dob, age) values (31, 'Zebadiah', 'Randall', 'Kildea', 'M', '42 Cherokee Junction', '86-(439)487-5874', '1956-02-04', 62);
insert into PATIENT (patient_id, p_fname, p_mname, p_lname, gender, p_address, number, dob, age) values (32, 'Ramsay', 'Swen', 'De Souza', 'M', '15064 School Point', '7-(708)344-0899', '1992-09-06', 25);
insert into PATIENT (patient_id, p_fname, p_mname, p_lname, gender, p_address, number, dob, age) values (33, 'Alayne', 'Gaby', 'Skate', 'F', '0370 Browning Drive', '269-(945)479-4287', '2010-12-01', 7);
insert into PATIENT (patient_id, p_fname, p_mname, p_lname, gender, p_address, number, dob, age) values (34, 'Hunter', 'Tades', 'Broadwood', 'M', '946 Farmco Plaza', '56-(910)236-4317', '2006-04-29', 11);
insert into PATIENT (patient_id, p_fname, p_mname, p_lname, gender, p_address, number, dob, age) values (35, 'Orlando', 'Claire', 'Ainslee', 'M', '4 Farwell Avenue', '86-(119)651-3683', '1980-10-30', 37);
insert into PATIENT (patient_id, p_fname, p_mname, p_lname, gender, p_address, number, dob, age) values (36, 'Nada', 'Noby', 'Mandell', 'F', '5636 Nova Way', '34-(230)587-0036', '1973-09-29', 44);
insert into PATIENT (patient_id, p_fname, p_mname, p_lname, gender, p_address, number, dob, age) values (37, 'Aeriela', 'Derrek', 'Patrono', 'F', '2872 Menomonie Crossing', '356-(255)570-1224', '1977-10-01', 40);
insert into PATIENT (patient_id, p_fname, p_mname, p_lname, gender, p_address, number, dob, age) values (38, 'Sonny', 'Geoff', 'Gisborne', 'F', '287 Eagle Crest Plaza', '86-(655)537-4026', '2014-05-18', 3);
insert into PATIENT (patient_id, p_fname, p_mname, p_lname, gender, p_address, number, dob, age) values (39, 'Janeta', 'Alejoa', 'Merrill', 'F', '0433 Oneill Trail', '48-(237)848-2507', '1954-09-09', 63);
insert into PATIENT (patient_id, p_fname, p_mname, p_lname, gender, p_address, number, dob, age) values (40, 'Philippine', 'Bogart', 'Frostick', 'F', '66 Glacier Hill Alley', '51-(779)926-9002', '2000-08-26', 17);
insert into PATIENT (patient_id, p_fname, p_mname, p_lname, gender, p_address, number, dob, age) values (41, 'Vlad', 'Rog', 'Plampin', 'M', '041 Sunnyside Place', '228-(694)116-3283', '1998-12-03', 19);
insert into PATIENT (patient_id, p_fname, p_mname, p_lname, gender, p_address, number, dob, age) values (42, 'Jessey', 'Roley', 'Malcolm', 'M', '8 Magdeline Junction', '389-(506)534-4105', '1953-06-14', 64);
insert into PATIENT (patient_id, p_fname, p_mname, p_lname, gender, p_address, number, dob, age) values (43, 'Marlo', 'Shurlock', 'Sherborne', 'M', '565 Oneill Road', '86-(658)146-3104', '2004-01-04', 14);
insert into PATIENT (patient_id, p_fname, p_mname, p_lname, gender, p_address, number, dob, age) values (44, 'Franky', 'Rickey', 'Cutforth', 'F', '2269 High Crossing Crossing', '86-(437)781-8209', '2000-11-05', 17);
insert into PATIENT (patient_id, p_fname, p_mname, p_lname, gender, p_address, number, dob, age) values (45, 'Merridie', 'Terencio', 'Lewton', 'F', '5 Burrows Hill', '351-(380)558-3790', '2012-06-25', 5);
insert into PATIENT (patient_id, p_fname, p_mname, p_lname, gender, p_address, number, dob, age) values (46, 'Wallache', 'Tull', 'Pflieger', 'M', '32 Schurz Hill', '86-(718)355-4469', '1997-03-06', 21);
insert into PATIENT (patient_id, p_fname, p_mname, p_lname, gender, p_address, number, dob, age) values (47, 'Ravid', 'Jeffie', 'Bradnum', 'M', '14058 Hudson Place', '7-(457)563-2199', '1971-11-28', 46);
insert into PATIENT (patient_id, p_fname, p_mname, p_lname, gender, p_address, number, dob, age) values (48, 'Myrtie', 'Kenyon', 'Citrine', 'F', '82147 Arrowood Park', '7-(879)303-2746', '1972-04-24', 45);
insert into PATIENT (patient_id, p_fname, p_mname, p_lname, gender, p_address, number, dob, age) values (49, 'Felice', 'Slade', 'Schechter', 'M', '19980 Laurel Trail', '86-(832)465-2237', '1972-09-03', 45);
insert into PATIENT (patient_id, p_fname, p_mname, p_lname, gender, p_address, number, dob, age) values (50, 'Dania', 'Bailie', 'Sidworth', 'F', '6591 Vernon Court', '33-(116)139-1734', '1960-01-08', 58);
insert into PATIENT (patient_id, p_fname, p_mname, p_lname, gender, p_address, number, dob, age) values (51, 'Conn', 'Keir', 'Turpie', 'M', '52 Lakewood Pass', '46-(545)688-0097', '1998-12-09', 19);
insert into PATIENT (patient_id, p_fname, p_mname, p_lname, gender, p_address, number, dob, age) values (52, 'Margalo', 'Durante', 'Girkins', 'F', '36403 Del Sol Crossing', '86-(597)866-8410', '2004-03-07', 14);
insert into PATIENT (patient_id, p_fname, p_mname, p_lname, gender, p_address, number, dob, age) values (53, 'Emylee', 'Morey', 'Iggo', 'F', '550 Alpine Point', '98-(797)952-2847', '1975-09-21', 42);
insert into PATIENT (patient_id, p_fname, p_mname, p_lname, gender, p_address, number, dob, age) values (54, 'Moe', 'Mateo', 'Pendergast', 'M', '1572 Forest Park', '86-(779)507-2621', '2002-03-17', 15);
insert into PATIENT (patient_id, p_fname, p_mname, p_lname, gender, p_address, number, dob, age) values (55, 'Tallie', 'Waring', 'Withull', 'M', '2 Banding Street', '86-(904)912-3172', '1998-09-11', 19);
insert into PATIENT (patient_id, p_fname, p_mname, p_lname, gender, p_address, number, dob, age) values (56, 'Obadiah', 'Sutton', 'Stebbings', 'M', '2 Lindbergh Trail', '62-(202)917-6107', '1962-10-23', 55);
insert into PATIENT (patient_id, p_fname, p_mname, p_lname, gender, p_address, number, dob, age) values (57, 'Wat', 'Leonid', 'Abbot', 'M', '1788 Scott Point', '62-(271)153-2445', '1997-04-10', 20);
insert into PATIENT (patient_id, p_fname, p_mname, p_lname, gender, p_address, number, dob, age) values (58, 'Ashbey', 'Gerrard', 'Gilford', 'M', '46776 Mandrake Circle', '58-(804)767-1448', '1974-03-14', 44);
insert into PATIENT (patient_id, p_fname, p_mname, p_lname, gender, p_address, number, dob, age) values (59, 'Pryce', 'Antin', 'Van Halen', 'M', '8012 Spohn Crossing', '1-(225)591-6308', '1953-07-05', 64);
insert into PATIENT (patient_id, p_fname, p_mname, p_lname, gender, p_address, number, dob, age) values (60, 'Bobbette', 'Johnnie', 'Meiklem', 'F', '9228 2nd Parkway', '86-(712)849-1965', '1977-03-16', 40);
insert into PATIENT (patient_id, p_fname, p_mname, p_lname, gender, p_address, number, dob, age) values (61, 'Kelli', 'Felicio', 'Spofford', 'F', '1336 Esker Crossing', '55-(510)427-5596', '1999-08-28', 18);
insert into PATIENT (patient_id, p_fname, p_mname, p_lname, gender, p_address, number, dob, age) values (62, 'Land', 'Ethe', 'Montacute', 'M', '4659 Logan Crossing', '55-(884)438-2504', '1980-09-18', 37);
insert into PATIENT (patient_id, p_fname, p_mname, p_lname, gender, p_address, number, dob, age) values (63, 'Frederigo', 'Maje', 'Pigden', 'M', '2 Cascade Crossing', '66-(398)374-5054', '1993-08-31', 24);
insert into PATIENT (patient_id, p_fname, p_mname, p_lname, gender, p_address, number, dob, age) values (64, 'Marcy', 'Yale', 'Crowche', 'F', '486 Burning Wood Street', '86-(427)550-0445', '2014-07-14', 3);
insert into PATIENT (patient_id, p_fname, p_mname, p_lname, gender, p_address, number, dob, age) values (65, 'Hart', 'Porter', 'Casswell', 'M', '703 Blaine Trail', '7-(626)579-8469', '2009-07-11', 8);
insert into PATIENT (patient_id, p_fname, p_mname, p_lname, gender, p_address, number, dob, age) values (66, 'Ezechiel', 'Kain', 'Rydeard', 'M', '4 Ohio Plaza', '51-(686)871-0014', '1959-12-06', 58);
insert into PATIENT (patient_id, p_fname, p_mname, p_lname, gender, p_address, number, dob, age) values (67, 'Vivienne', 'Ase', 'Fogarty', 'F', '395 Old Shore Alley', '380-(246)130-8737', '1988-02-27', 30);
insert into PATIENT (patient_id, p_fname, p_mname, p_lname, gender, p_address, number, dob, age) values (68, 'Marney', 'Nobe', 'Jullian', 'F', '78 Anniversary Avenue', '972-(854)782-6339', '1992-05-02', 25);
insert into PATIENT (patient_id, p_fname, p_mname, p_lname, gender, p_address, number, dob, age) values (69, 'Milty', 'Sidnee', 'Weatherby', 'M', '1842 Algoma Junction', '30-(132)477-4845', '2016-12-26', 1);
insert into PATIENT (patient_id, p_fname, p_mname, p_lname, gender, p_address, number, dob, age) values (70, 'Chalmers', 'Corty', 'Shermar', 'M', '9914 Merry Junction', '86-(168)518-7443', '1969-05-16', 48);
insert into PATIENT (patient_id, p_fname, p_mname, p_lname, gender, p_address, number, dob, age) values (71, 'Trev', 'Reinald', 'Hurdidge', 'M', '612 Bluejay Plaza', '48-(991)121-0265', '1953-06-30', 64);
insert into PATIENT (patient_id, p_fname, p_mname, p_lname, gender, p_address, number, dob, age) values (72, 'Agatha', 'Lydon', 'Sowte', 'F', '14520 Artisan Parkway', '62-(233)245-0646', '1995-09-11', 22);
insert into PATIENT (patient_id, p_fname, p_mname, p_lname, gender, p_address, number, dob, age) values (73, 'Laraine', 'Jose', 'McGill', 'F', '4 Graceland Way', '54-(837)381-9942', '2012-10-27', 5);
insert into PATIENT (patient_id, p_fname, p_mname, p_lname, gender, p_address, number, dob, age) values (74, 'Sascha', 'Tate', 'Alphonso', 'F', '70270 Shelley Parkway', '62-(460)627-9799', '1962-11-30', 55);
insert into PATIENT (patient_id, p_fname, p_mname, p_lname, gender, p_address, number, dob, age) values (75, 'Etty', 'Arvy', 'Dmitrievski', 'F', '27898 Mcbride Terrace', '7-(428)840-5435', '1959-03-16', 59);

/*insert into drug*/
select * from drug
insert into DRUG (trade_name, content, color) values ('Neova Day Therapy', 'Homosalate, Octocrylene, Octisalate, Avobenzone', 'Mauv');
insert into DRUG (trade_name, content, color) values ('Plegridy', 'peginterferon beta-1a', 'Teal');
insert into DRUG (trade_name, content, color) values ('XtraCare Sanitizer', 'Triclosan', 'Aquamarine');
insert into DRUG (trade_name, content, color) values ('Quazepam', 'QUAZEPAM', 'Turquoise');
insert into DRUG (trade_name, content, color) values ('Hepar Sulph Calc Kit Refill', 'CALCIUM SULFIDE', 'Red');
insert into DRUG (trade_name, content, color) values ('Pretty in Paris Kit', 'alcohol', 'Violet');
insert into DRUG (trade_name, content, color) values ('carvedilol', 'carvedilol', 'Maroon');
insert into DRUG (trade_name, content, color) values ('Hydrocodone Bitartrate ', 'Hydrocodone Bitartrate ', 'Teal');
insert into DRUG (trade_name, content, color) values ('CIPROFLOXACIN', 'Ciprofloxacin', 'Yellow');
insert into DRUG (trade_name, content, color) values ('arthritis pain relief', 'Acetaminophen', 'Teal');
insert into DRUG (trade_name, content, color) values ('TRICHOPHYTON MENTAGROPHYTES', 'Trichophyton Mentagrophytes', 'Pink');
insert into DRUG (trade_name, content, color) values ('mally Face Foundation BB', 'TITANIUM DIOXIDE, ZINC OXIDE', 'Green');
insert into DRUG (trade_name, content, color) values ('Pyrite 8', 'Pyrite 8', 'Blue');
insert into DRUG (trade_name, content, color) values ('Health Mart Aspirin', 'ASPIRIN', 'Blue');
insert into DRUG (trade_name, content, color) values ('COMPRESSED GAS OXIDIZING', 'CARBON DIOXIDE OXYGEN MIXTURE', 'Purple');
insert into DRUG (trade_name, content, color) values ('Doxepin Hydrochloride', 'Doxepin Hydrochloride', 'Red');
insert into DRUG (trade_name, content, color) values ('Asepso Gentle Antibacterial', 'CHLOROXYLENOL', 'Indigo');
insert into DRUG (trade_name, content, color) values ('EAR INFLAM HP', 'Atropa Belladonna Root 30X, Conium Maculatum Flowering Top 30X, Solanum Dulcamara Top 30X, Calcium Sulfide 30X, Potassium Dichromate 30X, Mercurius Solubilis 30X, Pulsatilla Vulgaris 30X, Silicon Dioxide 30X', 'Puce');
insert into DRUG (trade_name, content, color) values ('Laura Moisturizer SPF 20', 'OCTINOXATE, OCTISALATE', 'Red');
insert into DRUG (trade_name, content, color) values ('hemorrhoidal', 'glycerin, phenylephrine HCl, pramoxine HCl, white petrolatum', 'Green');

/*prescription*/
insert into PRESCRIPTION (doc_id, patient_id, prescription_date, trade_name, qty) values (104, 1, '2016-09-23', 'carvedilol', 3);
insert into PRESCRIPTION (doc_id, patient_id, prescription_date, trade_name, qty) values (108, 2, '2017-06-13', 'arthritis pain relief', 1);
insert into PRESCRIPTION (doc_id, patient_id, prescription_date, trade_name, qty) values (104, 3, '2017-01-01', 'Asepso Gentle Antibacterial', 3);
insert into PRESCRIPTION (doc_id, patient_id, prescription_date, trade_name, qty) values (110, 4, '2016-10-19', 'CIPROFLOXACIN', 2);
insert into PRESCRIPTION (doc_id, patient_id, prescription_date, trade_name, qty) values (101, 5, '2017-02-25', 'carvedilol', 5);
insert into PRESCRIPTION (doc_id, patient_id, prescription_date, trade_name, qty) values (107, 6, '2017-04-28', 'Hepar Sulph Calc Kit Refill', 2);
insert into PRESCRIPTION (doc_id, patient_id, prescription_date, trade_name, qty) values (104, 7, '2017-09-03', 'Doxepin Hydrochloride', 2);
insert into PRESCRIPTION (doc_id, patient_id, prescription_date, trade_name, qty) values (105, 8, '2017-08-05', 'Hepar Sulph Calc Kit Refill', 2);
insert into PRESCRIPTION (doc_id, patient_id, prescription_date, trade_name, qty) values (108, 9, '2017-07-06', 'mally Face Foundation BB', 3);
insert into PRESCRIPTION (doc_id, patient_id, prescription_date, trade_name, qty) values (108, 10, '2016-10-29', 'Hepar Sulph Calc Kit Refill', 2);
insert into PRESCRIPTION (doc_id, patient_id, prescription_date, trade_name, qty) values (101, 11, '2017-07-03', 'Doxepin Hydrochloride', 1);
insert into PRESCRIPTION (doc_id, patient_id, prescription_date, trade_name, qty) values (106, 12, '2017-04-27', 'EAR INFLAM HP', 5);
insert into PRESCRIPTION (doc_id, patient_id, prescription_date, trade_name, qty) values (110, 13, '2016-11-20', 'Hydrocodone Bitartrate', 4);
insert into PRESCRIPTION (doc_id, patient_id, prescription_date, trade_name, qty) values (101, 14, '2017-04-06', 'Doxepin Hydrochloride', 3);
insert into PRESCRIPTION (doc_id, patient_id, prescription_date, trade_name, qty) values (109, 15, '2017-04-29', 'hemorrhoidal', 3);
insert into PRESCRIPTION (doc_id, patient_id, prescription_date, trade_name, qty) values (110, 16, '2017-08-20', 'mally Face Foundation BB', 4);
insert into PRESCRIPTION (doc_id, patient_id, prescription_date, trade_name, qty) values (106, 17, '2017-08-31', 'CIPROFLOXACIN', 4);
insert into PRESCRIPTION (doc_id, patient_id, prescription_date, trade_name, qty) values (109, 18, '2016-11-27', 'Neova Day Therapy', 3);
insert into PRESCRIPTION (doc_id, patient_id, prescription_date, trade_name, qty) values (105, 19, '2017-01-20', 'CIPROFLOXACIN', 3);
insert into PRESCRIPTION (doc_id, patient_id, prescription_date, trade_name, qty) values (105, 20, '2016-12-18', 'Quazepam', 4);
insert into PRESCRIPTION (doc_id, patient_id, prescription_date, trade_name, qty) values (106, 21, '2016-11-03', 'Asepso Gentle Antibacterial', 4);
insert into PRESCRIPTION (doc_id, patient_id, prescription_date, trade_name, qty) values (103, 22, '2016-11-17', 'Quazepam', 1);
insert into PRESCRIPTION (doc_id, patient_id, prescription_date, trade_name, qty) values (107, 23, '2017-02-08', 'Quazepam', 4);
insert into PRESCRIPTION (doc_id, patient_id, prescription_date, trade_name, qty) values (110, 24, '2016-12-23', 'Quazepam', 5);
insert into PRESCRIPTION (doc_id, patient_id, prescription_date, trade_name, qty) values (103, 25, '2017-01-30', 'Doxepin Hydrochloride', 4);
insert into PRESCRIPTION (doc_id, patient_id, prescription_date, trade_name, qty) values (110, 26, '2017-06-03', 'Plegridy', 1);
insert into PRESCRIPTION (doc_id, patient_id, prescription_date, trade_name, qty) values (110, 27, '2017-07-20', 'Plegridy', 5);
insert into PRESCRIPTION (doc_id, patient_id, prescription_date, trade_name, qty) values (106, 28, '2017-05-18', 'Doxepin Hydrochloride', 2);
insert into PRESCRIPTION (doc_id, patient_id, prescription_date, trade_name, qty) values (109, 29, '2017-03-24', 'hemorrhoidal', 2);
insert into PRESCRIPTION (doc_id, patient_id, prescription_date, trade_name, qty) values (101, 30, '2017-01-02', 'XtraCare Sanitizer', 1);
insert into PRESCRIPTION (doc_id, patient_id, prescription_date, trade_name, qty) values (105, 31, '2017-01-31', 'Neova Day Therapy', 3);
insert into PRESCRIPTION (doc_id, patient_id, prescription_date, trade_name, qty) values (105, 32, '2017-08-14', 'Doxepin Hydrochloride', 4);
insert into PRESCRIPTION (doc_id, patient_id, prescription_date, trade_name, qty) values (105, 33, '2017-02-09', 'EAR INFLAM HP', 5);
insert into PRESCRIPTION (doc_id, patient_id, prescription_date, trade_name, qty) values (106, 34, '2017-02-27', 'Hydrocodone Bitartrate', 2);
insert into PRESCRIPTION (doc_id, patient_id, prescription_date, trade_name, qty) values (105, 35, '2017-04-27', 'arthritis pain relief', 1);
insert into PRESCRIPTION (doc_id, patient_id, prescription_date, trade_name, qty) values (110, 36, '2017-07-31', 'mally Face Foundation BB', 2);
insert into PRESCRIPTION (doc_id, patient_id, prescription_date, trade_name, qty) values (102, 37, '2017-05-14', 'Health Mart Aspirin', 3);
insert into PRESCRIPTION (doc_id, patient_id, prescription_date, trade_name, qty) values (109, 38, '2017-07-12', 'mally Face Foundation BB', 3);
insert into PRESCRIPTION (doc_id, patient_id, prescription_date, trade_name, qty) values (103, 39, '2017-08-24', 'hemorrhoidal', 5);
insert into PRESCRIPTION (doc_id, patient_id, prescription_date, trade_name, qty) values (104, 40, '2016-12-29', 'arthritis pain relief', 1);
insert into PRESCRIPTION (doc_id, patient_id, prescription_date, trade_name, qty) values (103, 41, '2016-11-17', 'Doxepin Hydrochloride', 2);
insert into PRESCRIPTION (doc_id, patient_id, prescription_date, trade_name, qty) values (105, 42, '2016-12-13', 'Hydrocodone Bitartrate', 3);
insert into PRESCRIPTION (doc_id, patient_id, prescription_date, trade_name, qty) values (108, 43, '2017-04-30', 'carvedilol', 2);
insert into PRESCRIPTION (doc_id, patient_id, prescription_date, trade_name, qty) values (109, 44, '2017-09-02', 'hemorrhoidal', 4);
insert into PRESCRIPTION (doc_id, patient_id, prescription_date, trade_name, qty) values (109, 45, '2017-03-12', 'Doxepin Hydrochloride', 4);
insert into PRESCRIPTION (doc_id, patient_id, prescription_date, trade_name, qty) values (107, 46, '2017-08-07', 'Pretty in Paris Kit', 1);
insert into PRESCRIPTION (doc_id, patient_id, prescription_date, trade_name, qty) values (103, 47, '2017-01-21', 'EAR INFLAM HP', 5);
insert into PRESCRIPTION (doc_id, patient_id, prescription_date, trade_name, qty) values (102, 48, '2016-12-15', 'hemorrhoidal', 1);
insert into PRESCRIPTION (doc_id, patient_id, prescription_date, trade_name, qty) values (109, 49, '2016-09-10', 'TRICHOPHYTON MENTAGROPHYTES', 4);
insert into PRESCRIPTION (doc_id, patient_id, prescription_date, trade_name, qty) values (105, 50, '2017-01-06', 'EAR INFLAM HP', 5);
insert into PRESCRIPTION (doc_id, patient_id, prescription_date, trade_name, qty) values (105, 51, '2016-10-27', 'Doxepin Hydrochloride', 3);
insert into PRESCRIPTION (doc_id, patient_id, prescription_date, trade_name, qty) values (108, 52, '2016-11-18', 'hemorrhoidal', 1);
insert into PRESCRIPTION (doc_id, patient_id, prescription_date, trade_name, qty) values (109, 53, '2017-07-11', 'Pyrite 8', 2);
insert into PRESCRIPTION (doc_id, patient_id, prescription_date, trade_name, qty) values (102, 54, '2017-01-13', 'Asepso Gentle Antibacterial', 5);
insert into PRESCRIPTION (doc_id, patient_id, prescription_date, trade_name, qty) values (103, 55, '2016-10-07', 'Hepar Sulph Calc Kit Refill', 2);
insert into PRESCRIPTION (doc_id, patient_id, prescription_date, trade_name, qty) values (109, 56, '2016-11-07', 'Hydrocodone Bitartrate', 4);
insert into PRESCRIPTION (doc_id, patient_id, prescription_date, trade_name, qty) values (108, 57, '2016-12-04', 'Pyrite 8', 1);
insert into PRESCRIPTION (doc_id, patient_id, prescription_date, trade_name, qty) values (106, 58, '2016-10-06', 'CIPROFLOXACIN', 2);
insert into PRESCRIPTION (doc_id, patient_id, prescription_date, trade_name, qty) values (102, 59, '2017-08-28', 'Health Mart Aspirin', 1);
insert into PRESCRIPTION (doc_id, patient_id, prescription_date, trade_name, qty) values (110, 60, '2017-04-13', 'Asepso Gentle Antibacterial', 4);
insert into PRESCRIPTION (doc_id, patient_id, prescription_date, trade_name, qty) values (107, 61, '2016-10-02', 'mally Face Foundation BB', 2);
insert into PRESCRIPTION (doc_id, patient_id, prescription_date, trade_name, qty) values (108, 62, '2016-10-07', 'XtraCare Sanitizer', 4);
insert into PRESCRIPTION (doc_id, patient_id, prescription_date, trade_name, qty) values (105, 63, '2017-08-08', 'EAR INFLAM HP', 3);
insert into PRESCRIPTION (doc_id, patient_id, prescription_date, trade_name, qty) values (108, 64, '2016-11-03', 'XtraCare Sanitizer', 4);
insert into PRESCRIPTION (doc_id, patient_id, prescription_date, trade_name, qty) values (103, 65, '2017-08-14', 'Pyrite 8', 2);
insert into PRESCRIPTION (doc_id, patient_id, prescription_date, trade_name, qty) values (102, 66, '2016-10-13', 'hemorrhoidal', 3);
insert into PRESCRIPTION (doc_id, patient_id, prescription_date, trade_name, qty) values (108, 67, '2017-07-10', 'Quazepam', 2);
insert into PRESCRIPTION (doc_id, patient_id, prescription_date, trade_name, qty) values (105, 68, '2016-12-31', 'Doxepin Hydrochloride', 2);
insert into PRESCRIPTION (doc_id, patient_id, prescription_date, trade_name, qty) values (102, 69, '2017-09-02', 'Asepso Gentle Antibacterial', 3);
insert into PRESCRIPTION (doc_id, patient_id, prescription_date, trade_name, qty) values (105, 70, '2016-12-15', 'Asepso Gentle Antibacterial', 1);
insert into PRESCRIPTION (doc_id, patient_id, prescription_date, trade_name, qty) values (107, 71, '2016-11-21', 'Quazepam', 1);
insert into PRESCRIPTION (doc_id, patient_id, prescription_date, trade_name, qty) values (102, 72, '2016-12-16', 'Pretty in Paris Kit', 1);
insert into PRESCRIPTION (doc_id, patient_id, prescription_date, trade_name, qty) values (109, 73, '2017-05-01', 'Health Mart Aspirin', 1);
insert into PRESCRIPTION (doc_id, patient_id, prescription_date, trade_name, qty) values (101, 74, '2016-12-27', 'XtraCare Sanitizer', 4);
insert into PRESCRIPTION (doc_id, patient_id, prescription_date, trade_name, qty) values (109, 75, '2016-10-30', 'arthritis pain relief', 1);
/*pharmacy*/
insert into PHARMACY (ph_id, ph_name, ph_address) values (601, 'Alpha', '0958 Crescent Oaks Terrace');
insert into PHARMACY (ph_id, ph_name, ph_address) values (602, 'Shreeram', '9 Bellgrove Crossing');
insert into PHARMACY (ph_id, ph_name, ph_address) values (603, 'Daynnight', '205 Garrison Alley');
insert into PHARMACY (ph_id, ph_name, ph_address) values (604, 'Mediseen', '8 Rutledge Terrace');
insert into PHARMACY (ph_id, ph_name, ph_address) values (605, 'Wellness', '40 Hanover Point');
insert into PHARMACY (ph_id, ph_name, ph_address) values (606, 'Sai', '6 Westend Park');
insert into PHARMACY (ph_id, ph_name, ph_address) values (607, 'Apollo', '8293 Oneill Place');
insert into PHARMACY (ph_id, ph_name, ph_address) values (608, 'Dialmedico', '9 Sachtjen Trail');
insert into PHARMACY (ph_id, ph_name, ph_address) values (609, 'Medplus', '4600 Veith Point');
insert into PHARMACY (ph_id, ph_name, ph_address) values (610, 'Medmart', '15 Merrick Hill');

/*BUYS*/
insert into BUYS (patient_id, trade_name, buy_date, qty, price, bill, ph_id) values (1, 'Hydrocodone Bitartrate ', '2017-06-07', 3, '18.58', '5.00', 606);
insert into BUYS (patient_id, trade_name, buy_date, qty, price, bill, ph_id) values (2, 'Health Mart Aspirin', '2017-01-19', 4, '10.36', '5.00', 610);
insert into BUYS (patient_id, trade_name, buy_date, qty, price, bill, ph_id) values (3, 'Doxepin Hydrochloride', '2017-07-11', 3, '19.45', '5.00', 603);
insert into BUYS (patient_id, trade_name, buy_date, qty, price, bill, ph_id) values (4, 'Hepar Sulph Calc Kit Refill', '2017-04-15', 3, '16.04', '5.00', 605);
insert into BUYS (patient_id, trade_name, buy_date, qty, price, bill, ph_id) values (5, 'Laura Moisturizer SPF 20', '2016-12-18', 4, '12.59', '5.00', 609);
insert into BUYS (patient_id, trade_name, buy_date, qty, price, bill, ph_id) values (6, 'Pretty in Paris Kit', '2017-05-28', 4, '11.39', '5.00', 604);
insert into BUYS (patient_id, trade_name, buy_date, qty, price, bill, ph_id) values (7, 'Laura Moisturizer SPF 20', '2017-01-15', 2, '7.35', '5.00', 604);
insert into BUYS (patient_id, trade_name, buy_date, qty, price, bill, ph_id) values (8, 'carvedilol', '2016-11-26', 4, '7.62', '5.00', 608);
insert into BUYS (patient_id, trade_name, buy_date, qty, price, bill, ph_id) values (9, 'Neova Day Therapy', '2017-01-03', 3, '11.28', '5.00', 601);
insert into BUYS (patient_id, trade_name, buy_date, qty, price, bill, ph_id) values (10, 'hemorrhoidal', '2017-04-20', 1, '5.86', '5.00', 605);
insert into BUYS (patient_id, trade_name, buy_date, qty, price, bill, ph_id) values (11, 'Plegridy', '2016-12-19', 3, '17.46', '5.00', 610);
insert into BUYS (patient_id, trade_name, buy_date, qty, price, bill, ph_id) values (12, 'Laura Moisturizer SPF 20', '2016-11-06', 2, '7.80', '5.00', 604);
insert into BUYS (patient_id, trade_name, buy_date, qty, price, bill, ph_id) values (13, 'Pretty in Paris Kit', '2016-10-20', 2, '14.63', '5.00', 607);
insert into BUYS (patient_id, trade_name, buy_date, qty, price, bill, ph_id) values (14, 'TRICHOPHYTON MENTAGROPHYTES', '2017-06-05', 3, '12.98', '5.00', 605);
insert into BUYS (patient_id, trade_name, buy_date, qty, price, bill, ph_id) values (15, 'mally Face Foundation BB', '2016-11-29', 2, '18.68', '5.00', 605);
insert into BUYS (patient_id, trade_name, buy_date, qty, price, bill, ph_id) values (16, 'Laura Moisturizer SPF 20', '2016-11-07', 5, '11.66', '5.00', 610);
insert into BUYS (patient_id, trade_name, buy_date, qty, price, bill, ph_id) values (17, 'Plegridy', '2017-06-18', 2, '5.61', '5.00', 606);
insert into BUYS (patient_id, trade_name, buy_date, qty, price, bill, ph_id) values (18, 'EAR INFLAM HP', '2017-07-01', 3, '18.22', '5.00', 610);
insert into BUYS (patient_id, trade_name, buy_date, qty, price, bill, ph_id) values (19, 'Plegridy', '2016-09-09', 2, '9.23', '5.00', 609);
insert into BUYS (patient_id, trade_name, buy_date, qty, price, bill, ph_id) values (20, 'XtraCare Sanitizer', '2016-09-29', 5, '5.18', '5.00', 604);
insert into BUYS (patient_id, trade_name, buy_date, qty, price, bill, ph_id) values (21, 'hemorrhoidal', '2016-10-05', 2, '16.58', '5.00', 601);
insert into BUYS (patient_id, trade_name, buy_date, qty, price, bill, ph_id) values (22, 'CIPROFLOXACIN', '2017-01-20', 3, '8.99', '5.00', 601);
insert into BUYS (patient_id, trade_name, buy_date, qty, price, bill, ph_id) values (23, 'Asepso Gentle Antibacterial', '2017-06-09', 5, '8.81', '5.00', 601);
insert into BUYS (patient_id, trade_name, buy_date, qty, price, bill, ph_id) values (24, 'Asepso Gentle Antibacterial', '2016-12-25', 3, '6.37', '5.00', 601);
insert into BUYS (patient_id, trade_name, buy_date, qty, price, bill, ph_id) values (25, 'Doxepin Hydrochloride', '2016-12-04', 4, '17.78', '5.00', 606);
insert into BUYS (patient_id, trade_name, buy_date, qty, price, bill, ph_id) values (26, 'Doxepin Hydrochloride', '2016-12-16', 5, '12.20', '5.00', 602);
insert into BUYS (patient_id, trade_name, buy_date, qty, price, bill, ph_id) values (27, 'EAR INFLAM HP', '2017-02-26', 2, '19.66', '5.00', 602);
insert into BUYS (patient_id, trade_name, buy_date, qty, price, bill, ph_id) values (28, 'Hydrocodone Bitartrate ', '2017-02-15', 1, '13.01', '5.00', 601);
insert into BUYS (patient_id, trade_name, buy_date, qty, price, bill, ph_id) values (29, 'hemorrhoidal', '2017-04-20', 5, '8.55', '5.00', 605);
insert into BUYS (patient_id, trade_name, buy_date, qty, price, bill, ph_id) values (30, 'Hydrocodone Bitartrate ', '2017-01-20', 3, '10.51', '5.00', 603);
insert into BUYS (patient_id, trade_name, buy_date, qty, price, bill, ph_id) values (31, 'hemorrhoidal', '2017-05-12', 4, '9.48', '5.00', 601);
insert into BUYS (patient_id, trade_name, buy_date, qty, price, bill, ph_id) values (32, 'arthritis pain relief', '2016-11-09', 4, '16.85', '5.00', 605);
insert into BUYS (patient_id, trade_name, buy_date, qty, price, bill, ph_id) values (33, 'TRICHOPHYTON MENTAGROPHYTES', '2017-05-11', 5, '14.23', '5.00', 602);
insert into BUYS (patient_id, trade_name, buy_date, qty, price, bill, ph_id) values (34, 'Hydrocodone Bitartrate ', '2016-11-28', 2, '12.02', '5.00', 603);
insert into BUYS (patient_id, trade_name, buy_date, qty, price, bill, ph_id) values (35, 'Pretty in Paris Kit', '2016-11-26', 5, '13.43', '5.00', 609);
insert into BUYS (patient_id, trade_name, buy_date, qty, price, bill, ph_id) values (36, 'Health Mart Aspirin', '2016-10-24', 3, '18.69', '5.00', 606);
insert into BUYS (patient_id, trade_name, buy_date, qty, price, bill, ph_id) values (37, 'arthritis pain relief', '2017-06-24', 5, '13.83', '5.00', 610);
insert into BUYS (patient_id, trade_name, buy_date, qty, price, bill, ph_id) values (38, 'TRICHOPHYTON MENTAGROPHYTES', '2017-01-05', 3, '17.57', '5.00', 604);
insert into BUYS (patient_id, trade_name, buy_date, qty, price, bill, ph_id) values (39, 'Doxepin Hydrochloride', '2017-06-06', 5, '6.85', '5.00', 609);
insert into BUYS (patient_id, trade_name, buy_date, qty, price, bill, ph_id) values (40, 'Pretty in Paris Kit', '2017-06-13', 5, '5.60', '5.00', 608);
insert into BUYS (patient_id, trade_name, buy_date, qty, price, bill, ph_id) values (41, 'mally Face Foundation BB', '2017-06-16', 3, '17.57', '5.00', 605);
insert into BUYS (patient_id, trade_name, buy_date, qty, price, bill, ph_id) values (42, 'Pretty in Paris Kit', '2016-09-11', 1, '7.58', '5.00', 610);
insert into BUYS (patient_id, trade_name, buy_date, qty, price, bill, ph_id) values (43, 'Hepar Sulph Calc Kit Refill', '2016-11-22', 2, '6.31', '5.00', 602);
insert into BUYS (patient_id, trade_name, buy_date, qty, price, bill, ph_id) values (44, 'Plegridy', '2016-09-07', 4, '8.32', '5.00', 607);
insert into BUYS (patient_id, trade_name, buy_date, qty, price, bill, ph_id) values (45, 'Quazepam', '2017-04-12', 3, '19.70', '5.00', 601);
insert into BUYS (patient_id, trade_name, buy_date, qty, price, bill, ph_id) values (46, 'carvedilol', '2016-10-19', 2, '15.84', '5.00', 605);
insert into BUYS (patient_id, trade_name, buy_date, qty, price, bill, ph_id) values (47, 'CIPROFLOXACIN', '2016-11-07', 5, '9.49', '5.00', 606);
insert into BUYS (patient_id, trade_name, buy_date, qty, price, bill, ph_id) values (48, 'Doxepin Hydrochloride', '2016-10-20', 3, '13.30', '5.00', 603);
insert into BUYS (patient_id, trade_name, buy_date, qty, price, bill, ph_id) values (49, 'Health Mart Aspirin', '2017-03-07', 4, '16.10', '5.00', 605);
insert into BUYS (patient_id, trade_name, buy_date, qty, price, bill, ph_id) values (50, 'arthritis pain relief', '2017-02-24', 5, '7.89', '5.00', 605);
insert into BUYS (patient_id, trade_name, buy_date, qty, price, bill, ph_id) values (51, 'Pretty in Paris Kit', '2017-07-02', 5, '17.32', '5.00', 609);
insert into BUYS (patient_id, trade_name, buy_date, qty, price, bill, ph_id) values (52, 'mally Face Foundation BB', '2016-10-12', 2, '5.94', '5.00', 609);
insert into BUYS (patient_id, trade_name, buy_date, qty, price, bill, ph_id) values (53, 'Doxepin Hydrochloride', '2017-01-07', 3, '19.94', '5.00', 606);
insert into BUYS (patient_id, trade_name, buy_date, qty, price, bill, ph_id) values (54, 'EAR INFLAM HP', '2016-12-22', 3, '14.42', '5.00', 601);
insert into BUYS (patient_id, trade_name, buy_date, qty, price, bill, ph_id) values (55, 'hemorrhoidal', '2017-01-15', 2, '10.12', '5.00', 607);
insert into BUYS (patient_id, trade_name, buy_date, qty, price, bill, ph_id) values (56, 'Pyrite 8', '2016-09-28', 1, '17.07', '5.00', 605);
insert into BUYS (patient_id, trade_name, buy_date, qty, price, bill, ph_id) values (57, 'Pretty in Paris Kit', '2017-01-12', 4, '5.71', '5.00', 605);
insert into BUYS (patient_id, trade_name, buy_date, qty, price, bill, ph_id) values (58, 'EAR INFLAM HP', '2016-12-12', 2, '6.23', '5.00', 604);
insert into BUYS (patient_id, trade_name, buy_date, qty, price, bill, ph_id) values (59, 'Neova Day Therapy', '2016-12-27', 5, '10.42', '5.00', 604);
insert into BUYS (patient_id, trade_name, buy_date, qty, price, bill, ph_id) values (60, 'Pretty in Paris Kit', '2016-11-12', 5, '19.15', '5.00', 604);
insert into BUYS (patient_id, trade_name, buy_date, qty, price, bill, ph_id) values (61, 'arthritis pain relief', '2016-11-27', 5, '7.56', '5.00', 602);
insert into BUYS (patient_id, trade_name, buy_date, qty, price, bill, ph_id) values (62, 'Plegridy', '2017-01-18', 1, '14.58', '5.00', 601);
insert into BUYS (patient_id, trade_name, buy_date, qty, price, bill, ph_id) values (63, 'Laura Moisturizer SPF 20', '2017-03-05', 3, '5.04', '5.00', 603);
insert into BUYS (patient_id, trade_name, buy_date, qty, price, bill, ph_id) values (64, 'Neova Day Therapy', '2016-12-16', 1, '12.07', '5.00', 602);
insert into BUYS (patient_id, trade_name, buy_date, qty, price, bill, ph_id) values (65, 'Pyrite 8', '2017-05-10', 1, '8.05', '5.00', 601);
insert into BUYS (patient_id, trade_name, buy_date, qty, price, bill, ph_id) values (66, 'arthritis pain relief', '2017-04-12', 5, '9.49', '5.00', 604);
insert into BUYS (patient_id, trade_name, buy_date, qty, price, bill, ph_id) values (67, 'EAR INFLAM HP', '2017-03-18', 4, '19.98', '5.00', 601);
insert into BUYS (patient_id, trade_name, buy_date, qty, price, bill, ph_id) values (68, 'Asepso Gentle Antibacterial', '2016-11-07', 1, '7.37', '5.00', 601);
insert into BUYS (patient_id, trade_name, buy_date, qty, price, bill, ph_id) values (69, 'carvedilol', '2016-11-29', 3, '9.73', '5.00', 602);
insert into BUYS (patient_id, trade_name, buy_date, qty, price, bill, ph_id) values (70, 'Health Mart Aspirin', '2017-06-03', 3, '19.10', '5.00', 606);
insert into BUYS (patient_id, trade_name, buy_date, qty, price, bill, ph_id) values (71, 'Neova Day Therapy', '2017-07-04', 5, '15.24', '5.00', 609);
insert into BUYS (patient_id, trade_name, buy_date, qty, price, bill, ph_id) values (72, 'Laura Moisturizer SPF 20', '2017-01-08', 3, '16.97', '5.00', 610);
insert into BUYS (patient_id, trade_name, buy_date, qty, price, bill, ph_id) values (73, 'Hydrocodone Bitartrate ', '2017-01-29', 3, '8.08', '5.00', 601);
insert into BUYS (patient_id, trade_name, buy_date, qty, price, bill, ph_id) values (74, 'Quazepam', '2016-10-07', 5, '5.05', '5.00', 602);
insert into BUYS (patient_id, trade_name, buy_date, qty, price, bill, ph_id) values (75, 'hemorrhoidal', '2017-02-22', 5, '14.75', '5.00', 603);

/*employees*/
insert into EMPLOYEE (eid, ph_id, ename, contact, salary, shift_strt, shift_end) values (1, 603, 'Carlo Lepard', '55-(957)321-5629', '55.05', '1:25 PM', '9:06 PM');
insert into EMPLOYEE (eid, ph_id, ename, contact, salary, shift_strt, shift_end) values (2, 604, 'Alasteir Farnorth', '52-(808)363-8863', '54.20', '7:28 PM', '6:59 PM');
insert into EMPLOYEE (eid, ph_id, ename, contact, salary, shift_strt, shift_end) values (3, 607, 'Claribel Coleyshaw', '352-(236)395-4736', '90.85', '10:13 AM', '4:33 PM');
insert into EMPLOYEE (eid, ph_id, ename, contact, salary, shift_strt, shift_end) values (4, 610, 'Gunter Crang', '375-(435)276-9576', '89.87', '12:02 PM', '3:53 PM');
insert into EMPLOYEE (eid, ph_id, ename, contact, salary, shift_strt, shift_end) values (5, 607, 'Lesli Dohmann', '380-(568)224-1747', '67.64', '1:32 PM', '8:06 PM');
insert into EMPLOYEE (eid, ph_id, ename, contact, salary, shift_strt, shift_end) values (6, 605, 'Ferrell Parcall', '242-(984)972-2726', '65.08', '9:02 AM', '2:13 PM');
insert into EMPLOYEE (eid, ph_id, ename, contact, salary, shift_strt, shift_end) values (7, 606, 'Hillie Axton', '62-(150)172-6546', '89.16', '1:51 PM', '6:20 PM');
insert into EMPLOYEE (eid, ph_id, ename, contact, salary, shift_strt, shift_end) values (8, 605, 'Nathalia Paxton', '30-(356)297-9340', '62.61', '3:12 AM', '1:48 PM');
insert into EMPLOYEE (eid, ph_id, ename, contact, salary, shift_strt, shift_end) values (9, 607, 'Del Lesser', '994-(743)131-2668', '51.28', '10:56 PM', '2:22 AM');
insert into EMPLOYEE (eid, ph_id, ename, contact, salary, shift_strt, shift_end) values (10, 605, 'Gerladina Hulburt', '63-(161)140-6447', '94.15', '8:48 PM', '9:42 PM');
insert into EMPLOYEE (eid, ph_id, ename, contact, salary, shift_strt, shift_end) values (11, 601, 'Oralla Aicken', '86-(462)447-6648', '68.27', '12:49 AM', '8:56 PM');
insert into EMPLOYEE (eid, ph_id, ename, contact, salary, shift_strt, shift_end) values (12, 603, 'Winny MacAirt', '62-(603)817-1300', '51.59', '12:57 PM', '11:19 PM');
insert into EMPLOYEE (eid, ph_id, ename, contact, salary, shift_strt, shift_end) values (13, 607, 'Cordi Lockney', '63-(214)821-4546', '87.16', '6:00 PM', '8:25 AM');
insert into EMPLOYEE (eid, ph_id, ename, contact, salary, shift_strt, shift_end) values (14, 608, 'Rodolph Browell', '86-(947)689-1138', '50.66', '11:41 PM', '3:46 AM');
insert into EMPLOYEE (eid, ph_id, ename, contact, salary, shift_strt, shift_end) values (15, 605, 'Loydie Wildblood', '62-(247)537-9807', '71.73', '3:15 PM', '12:07 AM');
insert into EMPLOYEE (eid, ph_id, ename, contact, salary, shift_strt, shift_end) values (16, 610, 'Pauly Trudgeon', '51-(147)712-2210', '56.29', '3:29 PM', '7:46 PM');
insert into EMPLOYEE (eid, ph_id, ename, contact, salary, shift_strt, shift_end) values (17, 608, 'Joly Radage', '502-(196)471-7329', '89.78', '8:23 AM', '5:09 PM');
insert into EMPLOYEE (eid, ph_id, ename, contact, salary, shift_strt, shift_end) values (18, 609, 'Lindy Tolotti', '86-(496)906-0278', '82.79', '3:32 AM', '1:40 AM');
insert into EMPLOYEE (eid, ph_id, ename, contact, salary, shift_strt, shift_end) values (19, 608, 'Erroll Pullen', '45-(956)599-4952', '87.15', '12:47 PM', '6:02 PM');
insert into EMPLOYEE (eid, ph_id, ename, contact, salary, shift_strt, shift_end) values (20, 602, 'Avis Thaxter', '86-(380)508-4631', '76.00', '1:04 PM', '10:32 AM');
insert into EMPLOYEE (eid, ph_id, ename, contact, salary, shift_strt, shift_end) values (21, 606, 'Gualterio Titmarsh', '506-(932)460-2169', '74.05', '5:38 AM', '6:23 AM');
insert into EMPLOYEE (eid, ph_id, ename, contact, salary, shift_strt, shift_end) values (22, 606, 'Annadiane Bending', '66-(131)802-6216', '69.19', '1:26 AM', '8:28 PM');
insert into EMPLOYEE (eid, ph_id, ename, contact, salary, shift_strt, shift_end) values (23, 608, 'Prent Andres', '7-(159)283-7022', '83.59', '8:02 AM', '2:16 AM');
insert into EMPLOYEE (eid, ph_id, ename, contact, salary, shift_strt, shift_end) values (24, 608, 'Leonie Merkle', '62-(646)459-6518', '54.92', '6:46 PM', '3:30 PM');
insert into EMPLOYEE (eid, ph_id, ename, contact, salary, shift_strt, shift_end) values (25, 601, 'Esme Cicculini', '48-(715)461-4245', '61.60', '2:38 PM', '8:20 AM');

/*sells*/
insert into SELLS (ph_id, trade_name, qty, price, exp_date, batch) values (601, 'Plegridy', 5, '$15.93', '2018-06-17', 10);
insert into SELLS (ph_id, trade_name, qty, price, exp_date, batch) values (604, 'Health Mart Aspirin', 5, '$11.36', '2018-02-05', 1);
insert into SELLS (ph_id, trade_name, qty, price, exp_date, batch) values (602, 'TRICHOPHYTON MENTAGROPHYTES', 5, '$19.01', '2018-07-28', 3);
insert into SELLS (ph_id, trade_name, qty, price, exp_date, batch) values (601, 'hemorrhoidal', 5, '$19.86', '2018-01-20', 10);
insert into SELLS (ph_id, trade_name, qty, price, exp_date, batch) values (601, 'Neova Day Therapy', 5, '$11.47', '2018-08-26', 2);
insert into SELLS (ph_id, trade_name, qty, price, exp_date, batch) values (605, 'Plegridy', 15, '$12.87', '2018-03-29', 4);
insert into SELLS (ph_id, trade_name, qty, price, exp_date, batch) values (602, 'Asepso Gentle Antibacterial', 10, '$15.25', '2018-08-01', 3);
insert into SELLS (ph_id, trade_name, qty, price, exp_date, batch) values (608, 'Doxepin Hydrochloride', 10, '$9.66', '2018-01-21', 4);
insert into SELLS (ph_id, trade_name, qty, price, exp_date, batch) values (605, 'carvedilol', 15, '$14.58', '2018-08-19', 2);
insert into SELLS (ph_id, trade_name, qty, price, exp_date, batch) values (603, 'Pyrite 8', 20, '$8.61', '2018-08-02', 6);
insert into SELLS (ph_id, trade_name, qty, price, exp_date, batch) values (605, 'Pyrite 8', 15, '$7.26', '2018-01-18', 8);
insert into SELLS (ph_id, trade_name, qty, price, exp_date, batch) values (601, 'Plegridy', 15, '$12.39', '2018-04-21', 3);
insert into SELLS (ph_id, trade_name, qty, price, exp_date, batch) values (605, 'Plegridy', 20, '$16.64', '2018-04-21', 7);
insert into SELLS (ph_id, trade_name, qty, price, exp_date, batch) values (603, 'mally Face Foundation BB', 10, '$12.68', '2018-08-17', 6);
insert into SELLS (ph_id, trade_name, qty, price, exp_date, batch) values (610, 'Hydrocodone Bitartrate ', 20, '$17.12', '2018-06-28', 8);
insert into SELLS (ph_id, trade_name, qty, price, exp_date, batch) values (610, 'Laura Moisturizer SPF 20', 15, '$17.96', '2018-05-11', 6);
insert into SELLS (ph_id, trade_name, qty, price, exp_date, batch) values (603, 'Quazepam', 20, '$9.87', '2018-02-23', 2);
insert into SELLS (ph_id, trade_name, qty, price, exp_date, batch) values (601, 'EAR INFLAM HP', 10, '$10.51', '2018-06-13', 10);
insert into SELLS (ph_id, trade_name, qty, price, exp_date, batch) values (603, 'CIPROFLOXACIN', 20, '$6.59', '2018-04-25', 2);
insert into SELLS (ph_id, trade_name, qty, price, exp_date, batch) values (607, 'Hepar Sulph Calc Kit Refill', 15, '$12.64', '2018-07-21', 10);
insert into SELLS (ph_id, trade_name, qty, price, exp_date, batch) values (602, 'mally Face Foundation BB', 20, '$7.25', '2018-07-25', 7);
insert into SELLS (ph_id, trade_name, qty, price, exp_date, batch) values (601, 'Asepso Gentle Antibacterial', 20, '$17.44', '2018-01-30', 5);
insert into SELLS (ph_id, trade_name, qty, price, exp_date, batch) values (607, 'Plegridy', 10, '$11.49', '2018-06-02', 8);
insert into SELLS (ph_id, trade_name, qty, price, exp_date, batch) values (601, 'Health Mart Aspirin', 5, '$10.29', '2018-06-30', 9);
insert into SELLS (ph_id, trade_name, qty, price, exp_date, batch) values (608, 'TRICHOPHYTON MENTAGROPHYTES', 5, '$10.62', '2018-08-03', 10);
insert into SELLS (ph_id, trade_name, qty, price, exp_date, batch) values (609, 'Laura Moisturizer SPF 20', 10, '$8.48', '2018-02-16', 8);
insert into SELLS (ph_id, trade_name, qty, price, exp_date, batch) values (608, 'Hepar Sulph Calc Kit Refill', 5, '$17.42', '2018-01-07', 10);
insert into SELLS (ph_id, trade_name, qty, price, exp_date, batch) values (604, 'EAR INFLAM HP', 5, '$18.24', '2018-05-08', 2);
insert into SELLS (ph_id, trade_name, qty, price, exp_date, batch) values (608, 'Pretty in Paris Kit', 15, '$7.35', '2018-01-16', 10);
insert into SELLS (ph_id, trade_name, qty, price, exp_date, batch) values (603, 'carvedilol', 15, '$5.00', '2018-01-08', 10);

/*company*/
insert into COMPANY (c_id, cname, c_address) values (501, 'Meijer Distribution Inc', '9 Sachtjen Hill');
insert into COMPANY (c_id, cname, c_address) values (502, 'Nelco Laboratories, Inc.', '5 7th Avenue');
insert into COMPANY (c_id, cname, c_address) values (503, 'American Sales Company', '07 Hallows Plaza');
insert into COMPANY (c_id, cname, c_address) values (504, 'REMEDYREPACK INC.', '014 Anthes Lane');
insert into COMPANY (c_id, cname, c_address) values (505, 'Antigen Laboratories, Inc.', '0 Kingsford Point');
insert into COMPANY (c_id, cname, c_address) values (506, 'Target Corporation', '7 Tennyson Street');
insert into COMPANY (c_id, cname, c_address) values (507, 'Physicians Total Care, Inc.', '968 Bonner Parkway');
insert into COMPANY (c_id, cname, c_address) values (508, 'Wockhardt Limited', '282 Onsgard Alley');
insert into COMPANY (c_id, cname, c_address) values (509, 'DAVA Pharmaceuticals, Inc.', '53076 Monica Pass');
insert into COMPANY (c_id, cname, c_address) values (510, 'Nature Nutraceuticals', '2702 Hazelcrest Junction');

/*makes*/
insert into MAKES (c_id, trade_name) values (501, 'Hydrocodone Bitartrate ');
insert into MAKES (c_id, trade_name) values (502, 'carvedilol');
insert into MAKES (c_id, trade_name) values (503, 'hemorrhoidal');
insert into MAKES (c_id, trade_name) values (504, 'Hepar Sulph Calc Kit Refill');
insert into MAKES (c_id, trade_name) values (505, 'EAR INFLAM HP');
insert into MAKES (c_id, trade_name) values (506, 'CIPROFLOXACIN');
insert into MAKES (c_id, trade_name) values (507, 'Plegridy');
insert into MAKES (c_id, trade_name) values (508, 'Plegridy');
insert into MAKES (c_id, trade_name) values (509, 'Hepar Sulph Calc Kit Refill');
insert into MAKES (c_id, trade_name) values (510, 'Pretty in Paris Kit');
insert into MAKES (c_id, trade_name) values (501, 'Doxepin Hydrochloride');
insert into MAKES (c_id, trade_name) values (503, 'Hepar Sulph Calc Kit Refill');
insert into MAKES (c_id, trade_name) values (504, 'EAR INFLAM HP');
insert into MAKES (c_id, trade_name) values (505, 'carvedilol');
insert into MAKES (c_id, trade_name) values (506, 'Quazepam');
insert into MAKES (c_id, trade_name) values (507, 'hemorrhoidal');
insert into MAKES (c_id, trade_name) values (508, 'Quazepam');
insert into MAKES (c_id, trade_name) values (509, 'Hydrocodone Bitartrate ');
insert into MAKES (c_id, trade_name) values (510, 'Pyrite 8');
insert into MAKES (c_id, trade_name) values (502, 'Doxepin Hydrochloride');
insert into MAKES (c_id, trade_name) values (503, 'carvedilol');
insert into MAKES (c_id, trade_name) values (504, 'Neova Day Therapy');
insert into MAKES (c_id, trade_name) values (505, 'Neova Day Therapy');
insert into MAKES (c_id, trade_name) values (506, 'Hepar Sulph Calc Kit Refill');
insert into MAKES (c_id, trade_name) values (507, 'Hydrocodone Bitartrate ');
insert into MAKES (c_id, trade_name) values (508, 'XtraCare Sanitizer');
insert into MAKES (c_id, trade_name) values (509, 'carvedilol');
insert into MAKES (c_id, trade_name) values (510, 'Quazepam');

/*solid*/
insert into SOLID (trade_name, solid_type, shape, power) values ('Neova Day Therapy', 'tablet', 'square', 90);
insert into SOLID (trade_name, solid_type, shape, power) values ('Plegridy', 'tablet', 'round', 20);
insert into SOLID (trade_name, solid_type, shape, power) values ('Health Mart Aspirin', 'tablet', 'round', 20);
insert into SOLID (trade_name, solid_type, shape, power) values ('Quazepam', 'tablet', 'square', 20);
insert into SOLID (trade_name, solid_type, shape, power) values ('Hepar Sulph Calc Kit Refill', 'tablet', 'cylinder', 20);
insert into SOLID (trade_name, solid_type, shape, power) values ('Pretty in Paris Kit', 'capsule', 'cylinder', 70);
insert into SOLID (trade_name, solid_type, shape, power) values ('carvedilol', 'capsule', 'cylinder', 70);
insert into SOLID (trade_name, solid_type, shape, power) values ('Hydrocodone Bitartrate ', 'capsule', 'cylinder', 20);

/*semisolid*/
insert into SEMISOLID (trade_name, ssolid_type, greasy, absorbtion) values ('CIPROFLOXACIN', 'lotion', 'N', 'M');
insert into SEMISOLID (trade_name, ssolid_type, greasy, absorbtion) values ('arthritis pain relief', 'gel', 'Y', 'S');
insert into SEMISOLID (trade_name, ssolid_type, greasy, absorbtion) values ('TRICHOPHYTON MENTAGROPHYTES', 'gel', 'Y', 'F');
insert into SEMISOLID (trade_name, ssolid_type, greasy, absorbtion) values ('mally Face Foundation BB', 'gel', 'Y', 'M');
insert into SEMISOLID (trade_name, ssolid_type, greasy, absorbtion) values ('Pyrite 8', 'gel', 'N', 'S');
insert into SEMISOLID (trade_name, ssolid_type, greasy, absorbtion) values ('XtraCare Sanitizer', 'lotion', 'N', 'F');
insert into SEMISOLID (trade_name, ssolid_type, greasy, absorbtion) values ('Laura Moisturizer SPF 20', 'gel','Y','F');

/*syrup*/
insert into SYRUP (trade_name, taste) values ('hemorrhoidal', 'tasteless');
insert into SYRUP (trade_name, taste) values ('EAR INFLAM HP', 'bitter');
insert into SYRUP (trade_name, taste) values ('Asepso Gentle Antibacterial', 'tasteless');
insert into SYRUP (trade_name, taste) values ('Doxepin Hydrochloride', 'bitter');
insert into SYRUP (trade_name, taste) values ('COMPRESSED GAS OXIDIZING', 'bitter');
